Txhash,Blockno,UnixTimestamp,DateTime,From,To,Method,Token / Collectibles,Value in,Value out,TxnFee(RON),Status
0x1887180cd9322fb0165f2cbb3d122bc24cdbb46955e766ad3e81e451eefcf8a3,4464667,1624965792,2021-06-29 11:23:12,0x7dcfe6e6b0f216fc30b1838fa45ffc2a6bcd0642,0x1ed8b3f3bd6a624de47f81beea101f0d15cdfbc8,safeTransferFrom,Axie,1,0,0.000000,Success
0xf472328c592ad8bac211fd8c0b3e10c72cb2e7e1c768373b8c911523684c4d0f,4464685,1624965846,2021-06-29 11:24:06,0x7dcfe6e6b0f216fc30b1838fa45ffc2a6bcd0642,0x1ed8b3f3bd6a624de47f81beea101f0d15cdfbc8,safeTransferFrom,Axie,1,0,0.000000,Success
0xb37ab99fd3b779972c83e65b9ebb67aac944c2aba47519a22b5ef3196768403a,4464799,1624966188,2021-06-29 11:29:48,0x7dcfe6e6b0f216fc30b1838fa45ffc2a6bcd0642,0x1ed8b3f3bd6a624de47f81beea101f0d15cdfbc8,safeTransferFrom,Axie,1,0,0.000000,Success
0xabbf1c00f541b9c050b3f3009ec368cf72d3c5e421460c9bf35a07157ec5f209,4986632,1626531810,2021-07-17 14:23:30,0x0000000000000000000000000000000000000000,0x1ed8b3f3bd6a624de47f81beea101f0d15cdfbc8,checkpoint,Smooth Love Potion,2002.0000000000,0,0.000000,Success
0x1aa3e406a13e1548a0d4e9ed8a74813dbf4e57df9f7fe5b610f95388798bb10d,5014064,1626614106,2021-07-18 13:15:06,0x1ed8b3f3bd6a624de47f81beea101f0d15cdfbc8,0xe35d62ebe18413d96ca2a2f7cf215bb21a406b4b,0xbec24050,Smooth Love Potion,0,2002.0000000000,0.000000,Success
0xf99d4ab4cfbb05dc91cb5d0f459c111d8bbfd43b58c120c07e85bc84be313b39,5389849,1627741497,2021-07-31 14:24:57,0x0000000000000000000000000000000000000000,0x1ed8b3f3bd6a624de47f81beea101f0d15cdfbc8,checkpoint,Smooth Love Potion,2109.0000000000,0,0.000000,Success
0xb777069fffdb11ea82e47da98c066e7ff2c772493357d1b39eeccba17dfd50ce,5559850,1628251544,2021-08-06 12:05:44,0x1ed8b3f3bd6a624de47f81beea101f0d15cdfbc8,0x61b6c88e7d087fa9c02920724bb770562ff50404,transfer,Smooth Love Potion,0,2109.0000000000,0.000000,Success
0x55228014e1a4fe76288578478964b1eff448a3a34287d7e26f74b25d0786c95c,5662352,1628559050,2021-08-10 01:30:50,0xfca39353f689ba3104a14c69856bd90ec2859123,0x1ed8b3f3bd6a624de47f81beea101f0d15cdfbc8,transfer,Smooth Love Potion,2211.0000000000,0,0.000000,Success
0xa7019a16ea5cdb4dc0ce5547601afa17426641bd011e54e3fc5d8e4feb36736a,5806594,1628991780,2021-08-15 01:43:00,0x0000000000000000000000000000000000000000,0x1ed8b3f3bd6a624de47f81beea101f0d15cdfbc8,checkpoint,Smooth Love Potion,2114.0000000000,0,0.000000,Success
0xcf733c3c884c512382ad18f99f0614c752722020c470ab8acc14278b6c7f31da,5849481,1629120443,2021-08-16 13:27:23,0x1ed8b3f3bd6a624de47f81beea101f0d15cdfbc8,0x14206809dade8a863de7e4ff1a60b6f4901bcfea,transfer,Smooth Love Potion,0,4325.0000000000,0.000000,Success
0x09e5ff3a3453a8666bec75ece8ddf71531061b3cf9e87a4b7f71f18e5256b098,6130074,1629962357,2021-08-26 07:19:17,0xfca39353f689ba3104a14c69856bd90ec2859123,0x1ed8b3f3bd6a624de47f81beea101f0d15cdfbc8,transfer,Smooth Love Potion,2060.0000000000,0,0.000000,Success
0xb679eb0291f2197ddf91d5f94817a2fd8c3850205423a0020a875bd337df0dbc,6238482,1630287583,2021-08-30 01:39:43,0x0000000000000000000000000000000000000000,0x1ed8b3f3bd6a624de47f81beea101f0d15cdfbc8,checkpoint,Smooth Love Potion,1572.0000000000,0,0.000000,Success
0xdb99f8a6d70513724eff0e7a8229bd961bec219b02cc3c7547466ecf388c24ec,6503144,1631081583,2021-09-08 06:13:03,0xfca39353f689ba3104a14c69856bd90ec2859123,0x1ed8b3f3bd6a624de47f81beea101f0d15cdfbc8,transfer,Smooth Love Potion,1167.0000000000,0,0.000000,Success
0x770f508db43e89a8c38b719a3850837c94f745baff20d260fefc687248119552,6657241,1631543896,2021-09-13 14:38:16,0x0000000000000000000000000000000000000000,0x1ed8b3f3bd6a624de47f81beea101f0d15cdfbc8,checkpoint,Smooth Love Potion,1424.0000000000,0,0.000000,Success
0x0fbc816cee7073a623e59caeda49e6072fb554d70777f2384164a2b7080fd0f5,6743312,1631802113,2021-09-16 14:21:53,0x1ed8b3f3bd6a624de47f81beea101f0d15cdfbc8,0x878ce7116e5cc8defad12594be5d96097eaf3f5d,transfer,Smooth Love Potion,0,1.0000000000,0.000000,Success
0xbba97ef57a77dfeb8e9f804f45785f6ab578d46e821e752729bcf31f3826a4ae,6859977,1632152108,2021-09-20 15:35:08,0x1ed8b3f3bd6a624de47f81beea101f0d15cdfbc8,0x878ce7116e5cc8defad12594be5d96097eaf3f5d,transfer,Smooth Love Potion,0,59.0000000000,0.000000,Success
0x21708912827fbd96439a6418831ec0e606b608cdb8e2531aabc7d86f39156ebe,6888730,1632238367,2021-09-21 15:32:47,0x1ed8b3f3bd6a624de47f81beea101f0d15cdfbc8,0x878ce7116e5cc8defad12594be5d96097eaf3f5d,transfer,Smooth Love Potion,0,2000.0000000000,0.000000,Success
0x13ae9725efe59f2d378db70c95f45016bd9271523fd92fd09b262c67d56605f3,6945281,1632408021,2021-09-23 14:40:21,0x1ed8b3f3bd6a624de47f81beea101f0d15cdfbc8,0x878ce7116e5cc8defad12594be5d96097eaf3f5d,transfer,Smooth Love Potion,0,1167.0000000000,0.000000,Success
0x8a42c0b75b07c1817f600e9b41d7bce9c4be50c68c50187437922f0dd251b8ae,7063210,1632761809,2021-09-27 16:56:49,0x0000000000000000000000000000000000000000,0x1ed8b3f3bd6a624de47f81beea101f0d15cdfbc8,checkpoint,Smooth Love Potion,1472.0000000000,0,0.000000,Success
0xc82ee16a37c3a1dcb700561f62cb24c6307e933c6622be3914fbc1dfb58eed05,7532290,1634169055,2021-10-13 23:50:55,0x0000000000000000000000000000000000000000,0x1ed8b3f3bd6a624de47f81beea101f0d15cdfbc8,checkpoint,Smooth Love Potion,1517.0000000000,0,0.000000,Success
0xa03ce5a8f3fdc91d87c483e9b3ea51041b45354fa50d1d8d0deff62c7a6007ce,7955618,1635439135,2021-10-28 16:38:55,0x0000000000000000000000000000000000000000,0x1ed8b3f3bd6a624de47f81beea101f0d15cdfbc8,checkpoint,Smooth Love Potion,1263.0000000000,0,0.000000,Success
0xae89fc0b33136461fce7cdd53c792276a4184dc7e862f3072a10ece4ba831a3b,7955841,1635439804,2021-10-28 16:50:04,0x1ed8b3f3bd6a624de47f81beea101f0d15cdfbc8,0x878ce7116e5cc8defad12594be5d96097eaf3f5d,transfer,Smooth Love Potion,0,1572.0000000000,0.000000,Success
0x0656164003b551475001f56457b644ec374c3bb762ac365e2845524cefbd6d5e,7955939,1635440098,2021-10-28 16:54:58,0x1ed8b3f3bd6a624de47f81beea101f0d15cdfbc8,0x878ce7116e5cc8defad12594be5d96097eaf3f5d,transfer,Smooth Love Potion,0,1424.0000000000,0.000000,Success
0x0b6eb8317253ae55f20b2a18be1adb2e29a99f0289df52a8434a190f8eddba7e,7955992,1635440257,2021-10-28 16:57:37,0x1ed8b3f3bd6a624de47f81beea101f0d15cdfbc8,0x878ce7116e5cc8defad12594be5d96097eaf3f5d,transfer,Smooth Love Potion,0,1472.0000000000,0.000000,Success
0xcf1b9817c869bf3606f48fda3d3a48b0a0daf31b243e2694c7f93f69ba3d30cc,7956058,1635440455,2021-10-28 17:00:55,0x1ed8b3f3bd6a624de47f81beea101f0d15cdfbc8,0x878ce7116e5cc8defad12594be5d96097eaf3f5d,transfer,Smooth Love Potion,0,1517.0000000000,0.000000,Success
0x289d15272c86f103ebfff44b94406e313ba1f300d8f600464200f7359a558fd2,7956153,1635440740,2021-10-28 17:05:40,0x1ed8b3f3bd6a624de47f81beea101f0d15cdfbc8,0x878ce7116e5cc8defad12594be5d96097eaf3f5d,transfer,Smooth Love Potion,0,1263.0000000000,0.000000,Success
0xa92701464904c35adc6e935e796bb710602207ced4feeda774068d50b921dc1e,8384697,1636727219,2021-11-12 14:26:59,0x0000000000000000000000000000000000000000,0x1ed8b3f3bd6a624de47f81beea101f0d15cdfbc8,checkpoint,Smooth Love Potion,1240.0000000000,0,0.000000,Success
0x46cd5d9fc9c7bca7507c310eb5c416c0c9165d8daf2c116b8394210a36ad409c,8384818,1636727582,2021-11-12 14:33:02,0x1ed8b3f3bd6a624de47f81beea101f0d15cdfbc8,0xfca39353f689ba3104a14c69856bd90ec2859123,transfer,Smooth Love Potion,0,1240.0000000000,0.000000,Success
0xd8434da03680c57a590a878c4c182462f1be407ef9b9efe93380eda4cb2ccd03,8796374,1637969067,2021-11-26 23:24:27,0x0000000000000000000000000000000000000000,0x1ed8b3f3bd6a624de47f81beea101f0d15cdfbc8,checkpoint,Smooth Love Potion,1088.0000000000,0,0.000000,Success
0x7696ef6043ad710ceab300773cc4189661f99319440f7e87402547450a8462ad,8796401,1637969149,2021-11-26 23:25:49,0x1ed8b3f3bd6a624de47f81beea101f0d15cdfbc8,0xa8754b9fa15fc18bb59458815510e40a12cd2014,approve,RON,0,0.0000000000,0.000000,Success
0x3d409de72ab0d656ed3976742e4a4d26549eecb8fe2df88e10f3d7710231b528,8796414,1637969189,2021-11-26 23:26:29,0x1ed8b3f3bd6a624de47f81beea101f0d15cdfbc8,0x306a28279d04a47468ed83d55088d0dcd1369294,swapExactTokensForTokens,Smooth Love Potion,0,1088.0000000000,0,Success
0x3d409de72ab0d656ed3976742e4a4d26549eecb8fe2df88e10f3d7710231b528,8796414,1637969189,2021-11-26 23:26:29,0x306a28279d04a47468ed83d55088d0dcd1369294,0x1ed8b3f3bd6a624de47f81beea101f0d15cdfbc8,swapExactTokensForTokens,Ronin Wrapped Ether,0.0157772509,0,0.000000,Success
0xc118c780d965237768bc0d9a59fe72c6355b9b6b7d77e310c72ba0c8be0f3942,9177558,1639115584,2021-12-10 05:53:04,0x0000000000000000000000000000000000000000,0x1ed8b3f3bd6a624de47f81beea101f0d15cdfbc8,checkpoint,Smooth Love Potion,0.0000000000,0,0.000000,Success
0x186c55c820d08b25267c14d8ebdb38bc6d0756e54443752b5e72bf8c2494019b,9206465,1639202445,2021-12-11 06:00:45,0x0000000000000000000000000000000000000000,0x1ed8b3f3bd6a624de47f81beea101f0d15cdfbc8,checkpoint,Smooth Love Potion,627.0000000000,0,0.000000,Success
0xf68383d85716ed9193b61693bd46f4f45fa3eb37e411841d1ecf9be71135e98a,9206508,1639202574,2021-12-11 06:02:54,0x1ed8b3f3bd6a624de47f81beea101f0d15cdfbc8,0x306a28279d04a47468ed83d55088d0dcd1369294,swapExactTokensForTokens,Smooth Love Potion,0,627.0000000000,0,Success
0xf68383d85716ed9193b61693bd46f4f45fa3eb37e411841d1ecf9be71135e98a,9206508,1639202574,2021-12-11 06:02:54,0x306a28279d04a47468ed83d55088d0dcd1369294,0x1ed8b3f3bd6a624de47f81beea101f0d15cdfbc8,swapExactTokensForTokens,Ronin Wrapped Ether,0.0057921375,0,0.000000,Success
0x4962ef2785e48104a01df238714696d91c92fedd4d96ffdd1ca7b882bb31d122,9323125,1639552525,2021-12-15 07:15:25,0xfca39353f689ba3104a14c69856bd90ec2859123,0x1ed8b3f3bd6a624de47f81beea101f0d15cdfbc8,transfer,Ronin Wrapped Ether,0.0044414060,0,0.000000,Success
